BK04201,民航机场
BK04211,高速公路
BK04221,交运物流
BK04241,水泥建材
BK04251,工程建设
BK04271,公用事业
BK04281,电力行业
BK04291,交运设备
BK04331,农牧饲渔
BK04361,纺织服装
BK04371,煤炭采选
BK04381,食品饮料
BK04401,工艺商品
BK04471,电子信息
BK04481,通讯行业
BK04501,港口水运
BK04511,房地产
BK04541,塑胶制品
BK04561,家电行业
BK04571,输配电气
BK04581,仪器仪表
BK04591,电子元件
BK04641,石油行业
BK04651,医药制造
BK04701,造纸印刷
BK04711,化纤行业
BK04731,券商信托
BK04741,保险
BK04751,银行
BK04761,木业家具
BK04771,酿酒行业
BK04781,有色金属
BK04791,钢铁行业
BK04801,航天航空
BK04811,汽车行业
BK04821,商业百货
BK04841,国际贸易
BK04851,旅游酒店
BK04861,文化传媒
BK04901,军工
BK04911,高校
BK04921,煤化工
BK04931,新能源
BK04941,节能环保
BK04981,AB股
BK04991,AH股
BK05001,HS300_
BK05011,次新股
BK05051,中字头
BK05061,创投
BK05091,网络游戏
BK05111,ST概念
BK05121,化工原料
BK05141,参股券商
BK05191,稀缺资源
BK05201,社保重仓
BK05231,新材料
BK05241,参股期货
BK05251,参股银行
BK05281,转债标的
BK05341,成渝特区
BK05351,QFII重仓
BK05361,基金重仓
BK05371,材料行业
BK05381,化工行业
BK05391,综合行业
BK05401,迪士尼
BK05451,机械行业
BK05461,玻璃陶瓷
BK05471,黄金概念
BK05481,生物疫苗
BK05491,深圳特区
BK05521,机构重仓
BK05541,物联网
BK05561,移动支付
BK05611,基本金属
BK05631,油价相关
BK05661,滨海新区
BK05671,股权激励
BK05681,深成500
BK05701,预亏预减
BK05711,预盈预增
BK05741,锂电池
BK05771,核能核电
BK05781,稀土永磁
BK05791,云计算
BK05801,LED
BK05811,智能电网
BK05831,触摸屏
BK05881,太阳能
BK05891,皖江区域
BK05921,铁路基建
BK05931,长株潭
BK05941,长江三角
BK05951,风能
BK05961,融资融券
BK05971,水利建设
BK06001,新三板
BK06011,海工装备
BK06031,页岩气
BK06041,参股保险
BK06061,油气设服
BK06101,央视50_
BK06111,上证50_
BK06121,上证180_
BK06141,食品安全
BK06151,中药
BK06171,石墨烯
BK06191,3D打印
BK06221,地热能
BK06231,海洋经济
BK06251,通用航空
BK06261,美丽中国
BK06281,智慧城市
BK06291,北斗导航
BK06321,土地流转
BK06331,送转预期
BK06341,大数据
BK06351,中超概念
BK06361,B股
BK06371,互联金融
BK06381,创业成份
BK06401,智能机器
BK06411,智能穿戴
BK06421,手游概念
BK06431,上海自贸
BK06441,特斯拉
BK06531,养老概念
BK06551,网络安全
BK06561,智能电视
BK06621,在线教育
BK06631,油改概念
BK06641,二胎概念
BK06651,电商概念
BK06661,苹果概念
BK06671,国家安防
BK06681,医疗器械
BK06691,生态农业
BK06711,彩票概念
BK06721,沪企改革
BK06741,蓝宝石
BK06751,病毒防治
BK06761,独家药品
BK06771,粤港自贸
BK06791,超导概念
BK06801,智能家居
BK06821,燃料电池
BK06831,国企改革
BK06841,京津冀
BK06851,举牌概念
BK06891,阿里概念
BK06901,氟化工
BK06921,在线旅游
BK06931,基因测序
BK06951,小金属
BK06961,国产软件
BK06971,IPO受益
BK06981,免疫治疗
BK06991,全息技术
BK07001,充电桩
BK07011,中证500
BK07031,超级电容
BK07041,无人机
BK07051,上证380
BK07061,人脑工程
BK07071,沪股通
BK07081,体育产业
BK07091,赛马概念
BK07101,量子通信
BK07111,券商概念
BK07121,一带一路
BK07131,2025规划
BK07141,5G概念
BK07151,航母概念
BK07171,北京冬奥
BK07181,证金持股
BK07191,健康中国
BK07211,PPP模式
BK07221,虚拟现实
BK07231,高送转
BK07241,海绵城市
BK07251,装修装饰
BK07261,园林工程
BK07271,医疗行业
BK07281,环保工程
BK07291,船舶制造
BK07301,农药兽药
BK07311,化肥行业
BK07321,贵金属
BK07331,包装材料
BK07341,珠宝首饰
BK07351,安防设备
BK07361,电信运营
BK07371,软件服务
BK07381,多元金融
BK07391,金属制品
BK07401,文教休闲
BK07421,创业板综
BK07431,深证100R
BK08001,人工智能
BK08011,增强现实
BK08021,无人驾驶
BK08031,股权转让
BK08041,深股通
BK08051,钛白粉
BK08061,精准医疗
BK08071,共享经济
BK08081,军民融合
BK08101,工业4.0
BK08111,超级品牌
BK08121,贬值受益
BK08131,雄安新区
BK08141,大飞机
BK08151,昨日涨停
BK08161,昨日连板
BK08171,昨日触板
BK08181,可燃冰
BK08201,壳资源
BK08211,MSCI中国
BK08221,租售同权
BK08231,养老金
BK08241,参股360
BK08251,新零售
BK08301,区块链
BK08311,万达概念
BK08321,工业互联
BK08331,小米概念
BK08341,乡村振兴
BK08351,独角兽
BK08361,数字中国
BK08371,互联医疗
BK08381,东北振兴
BK08391,知识产权
BK08401,OLED
BK08411,体外诊断
BK08421,富士康
BK08431,天然气
BK08451,百度概念
BK08461,美团概念
BK08471,影视概念
BK08481,Facebook
BK08491,京东金融
BK08501,进口博览
BK08511,纾困概念
BK08521,冷链物流
BK08531,电子竞技
BK08541,华为概念
BK08551,纳米银
BK08561,工业大麻
BK08571,MSCI大盘
BK08581,MSCI中盘
BK08591,超清视频
BK08601,边缘计算
BK08611,数字孪生
BK08621,超级真菌
BK08631,透明工厂
BK08641,氢能源
BK08651,电子烟
BK08661,人造肉
BK08701,单抗概念
BK08811,3D玻璃
BK08821,猪肉概念
BK08911,国产芯片
BK09001,新能源车
BK09101,专用设备
BK09201,车联网
BK09401,网红直播
BK09501,草甘膦
BK09601,无线充电
BK09701,生物识别
BK09801,债转股
BK09901,快递概念
